{
  "drive": {
    "p": 0.0050645,
    "i": 0,
    "d": 0,
    "f": 0,
    "iz": 0
  },
  "angle": {
    "p": 0.0119048,
    "i": 0.000000,
    "d": 0.00000100000000000000,
    "f": 0,
    "iz": 0
  }
}